,sequence,nTerminus,cTerminus,e_coli,pseudomonas
900001,GEP,,,1000,1000
900002,MGHP,,,1000,1000
900003,GTGG,,,1000,1000
900004,SVTP,,,1000,1000
900005,MFSPQ,,,1000,1000
900006,DSTNY,,,1000,1000
900007,IAYKPE,,,1000,1000
900008,GSPMFV,,,1000,1000
900009,DTVNAA,,,1000,1000
900010,GAPMFV,,,1000,1000
900011,FVSTYK,,,1000,1000
900012,VFFAGP,,,1000,1000
900013,QSAREQG,,,1000,1000
900014,MNVKPSR,,,1000,1000
900015,VFTLEKV,,,1000,1000
900016,MHRTIST,,,1000,1000
900017,SFRVHDTE,,,1000,1000
900018,KAQDHELK,,,1000,1000
900019,MASQVLVY,,,1000,1000
900020,VDVPSTNG,,,1000,1000
900021,LIILASMR,,,1000,1000
900022,MHATVPWE,,,1000,1000
900023,HAYYLDYE,,,1000,1000
900024,MATSIQSL,,,1000,1000
900025,VFLEAFSI,,,1000,1000
900026,MPGLIGFW,,,1000,1000
900027,FEKNISTN,,,1000,1000
900028,MGRGFLTN,,,1000,1000
900029,MPPSTVEQ,,,1000,1000
900030,MSSFTNAL,,,1000,1000
900031,GRNGARRS,,,1000,1000
900032,MASSPGDD,,,1000,1000
900033,LFANRMSG,,,1000,1000
900034,MFHSASLL,,,1000,1000
900035,NIISTTRE,,,1000,1000
900036,MTKNQYLL,,,1000,1000
900037,MPAIRKAR,,,1000,1000
900038,VIQKVINT,,,1000,1000
900039,MVLFAWVI,,,1000,1000
900040,VEVASTNG,,,1000,1000
900041,NRLLNLSL,,,1000,1000
900042,YRESASVFF,,,1000,1000
900043,HGSPPAPPS,,,1000,1000
900044,EDEIDDIQK,,,1000,1000
900045,MPMAVYRQV,,,1000,1000
900046,LFGNDPSPQ,,,1000,1000
900047,RKSAGKPKN,,,1000,1000
900048,MKLKKLGLN,,,1000,1000
900049,IIIILLLMY,,,1000,1000
900050,MITVPWNFI,,,1000,1000
900051,MGRRPEEAS,,,1000,1000
900052,MLARWFFPA,,,1000,1000
900053,MDMEEESDD,,,1000,1000
900054,MLFLLFLLL,,,1000,1000
900055,MTHPGTRKL,,,1000,1000
900056,MEMEMAMVS,,,1000,1000
900057,KTAAFPYSQ,,,1000,1000
900058,MKGHRLSAF,,,1000,1000
900059,FQFPWFVIV,,,1000,1000
900060,TLNIVSYLE,,,1000,1000
900061,MKIDGNQYF,,,1000,1000
900062,LDRTDDWTK,,,1000,1000
900063,QPRSLAQGA,,,1000,1000
900064,MLDLTWWSV,,,1000,1000
900065,MNRKLKASP,,,1000,1000
900066,MATLNNNPK,,,1000,1000
900067,MQKSVGTSD,,,1000,1000
900068,GQPNPSLLL,,,1000,1000
900069,KIPGAFESR,,,1000,1000
900070,ISGASEEQK,,,1000,1000
900071,MDSKGSSQK,,,1000,1000
900072,MYYIVVSKG,,,1000,1000
900073,MGFLVILKN,,,1000,1000
900074,MLLYSRARS,,,1000,1000
900075,MASEMTLSP,,,1000,1000
900076,IMFLIKSGV,,,1000,1000
900077,MDRDPPPYL,,,1000,1000
900078,MYQETRTDS,,,1000,1000
900079,MNSFFVVNA,,,1000,1000
900080,MEIDFRESK,,,1000,1000
900081,MQAQVERPN,,,1000,1000
900082,MLTYYKKEE,,,1000,1000
900083,VPSAPSPKL,,,1000,1000
900084,MIILVIITM,,,1000,1000
900085,KAVHINENF,,,1000,1000
900086,AITHSHAEY,,,1000,1000
900087,MESKDASTSA,,,1000,1000
900088,MARYTGPSWK,,,1000,1000
900089,AAVEAPFING,,,1000,1000
900090,MRHGTDYGLT,,,1000,1000
900091,WSSLMSSQSL,,,1000,1000
900092,MQENGVRDFK,,,1000,1000
900093,MFTRGEAVKS,,,1000,1000
900094,MVSSSPSRNV,,,1000,1000
900095,MKRTMMESNL,,,1000,1000
900096,TVASFTHVVR,,,1000,1000
900097,ANDERYALAA,,,1000,1000
900098,AAIEAPSING,,,1000,1000
900099,MKLHHWSAEL,,,1000,1000
900100,MSLSSNKQYI,,,1000,1000
900101,MQRGIAWIVD,,,1000,1000
900102,MYVLLQPMEE,,,1000,1000
900103,MFSFIPSKKV,,,1000,1000
900104,ANDYSYAMAA,,,1000,1000
900105,PTSQLLEVKP,,,1000,1000
900106,ALRLPWPTQL,,,1000,1000
900107,MGYFHGLRIS,,,1000,1000
900108,GLPGPKGDRG,,,1000,1000
900109,ASAEAPSING,,,1000,1000
900110,LKGTVPGERF,,,1000,1000
900111,MMRIFLFAPF,,,1000,1000
900112,MQTELHKLNI,,,1000,1000
900113,MRGTLGLAAR,,,1000,1000
900114,MKTTRWLFST,,,1000,1000
900115,MGRRKTEEIY,,,1000,1000
900116,MQPSSPSTSH,,,1000,1000
900117,SNDENYALAA,,,1000,1000
900118,AKENNFALAA,,,1000,1000
900119,IIYVKTESQND,,,1000,1000
900120,MVMEAAEVVVV,,,1000,1000
900121,MRKKEKEMRER,,,1000,1000
900122,MPTTAASDPKP,,,1000,1000
900123,MNTSNLYASAF,,,1000,1000
900124,LAAVQVPSTNG,,,1000,1000
900125,MAYPLSSTLHV,,,1000,1000
900126,IIYMGSHSKKL,,,1000,1000
900127,MTAFWEQGIQR,,,1000,1000
900128,NGKTSTEKKKT,,,1000,1000
900129,SRTRRKLPIRF,,,1000,1000
900130,VRRAESSGGGG,,,1000,1000
900131,MVSSKTSVLVT,,,1000,1000
900132,LAAIEAPAING,,,1000,1000
900133,MSFVSIKQNPG,,,1000,1000
900134,MDSLVQSLQAS,,,1000,1000
900135,MSFSATILFSP,,,1000,1000
900136,MGGVAPDASIG,,,1000,1000
900137,YDNEYGYRNRV,,,1000,1000
900138,ELNKHIEDGMG,,,1000,1000
900139,ALVTAGVLAAG,,,1000,1000
900140,LALLKFSSTNG,,,1000,1000
900141,MTMTRWLFSTN,,,1000,1000
900142,MAEFNILRFPM,,,1000,1000
900143,FLERTHLFKRK,,,1000,1000
900144,MALHKLVKAPF,,,1000,1000
900145,MERRHRTMEFH,,,1000,1000
900146,VQKFSKDGQFK,,,1000,1000
900147,YPWMQRMNSHS,,,1000,1000
900148,GNSWNTDWGDN,,,1000,1000
900149,KYDGMYRLLVS,,,1000,1000
900150,MLYYVSIAHSH,,,1000,1000
900151,QVFLVFVILLF,,,1000,1000
900152,MTGLFSRRRSS,,,1000,1000
900153,MQVNRQRRLFI,,,1000,1000
900154,VIFISEPMDHS,,,1000,1000
900155,APGSQTPLTAR,,,1000,1000
900156,MTPEPAIETIT,,,1000,1000
900157,DLYQSFVRDYP,,,1000,1000
900158,SIHIDVDALAK,,,1000,1000
900159,LGDPTTRKQGV,,,1000,1000
900160,MDTHNFSTTPL,,,1000,1000
900161,MPRLGAWGRGF,,,1000,1000
900162,GMQMDQIWFKY,,,1000,1000
900163,NPTKGVPGPWG,,,1000,1000
900164,MEIFTKIEFMQ,,,1000,1000
900165,WTFTLVTVYFG,,,1000,1000
900166,MLSHMVGRNLR,,,1000,1000
900167,RKQDPRLIKLR,,,1000,1000
900168,MVGVPGAAAFQ,,,1000,1000
900169,GAHRPPRRWHL,,,1000,1000
900170,MDNWLHNGLSSG,,,1000,1000
900171,MVSPRAEEGNGV,,,1000,1000
900172,MTTTMMATWESD,,,1000,1000
900173,MAKYSLKTKLGA,,,1000,1000
900174,MPLTFPALLTLL,,,1000,1000
900175,MRMGMGFAGRGE,,,1000,1000
900176,LKSLLGSDPSSQ,,,1000,1000
900177,AQTHLSRDATVR,,,1000,1000
900178,TPGSGAEDGMYS,,,1000,1000
900179,MWPARRRELGQV,,,1000,1000
900180,MLESLENLAVKL,,,1000,1000
900181,LKSLFGSDQLSQ,,,1000,1000
900182,QANNDFREQRDL,,,1000,1000
900183,MTRLLKSYKFYL,,,1000,1000
900184,THTRTHTLSVSV,,,1000,1000
900185,MRRRRRNLYQKN,,,1000,1000
900186,MHLELSSENNQQ,,,1000,1000
900187,MSARQGMVGAAR,,,1000,1000
900188,DLAAIEAPATNG,,,1000,1000
900189,QTASSRGLATPS,,,1000,1000
900190,MGDVNSLRKRHL,,,1000,1000
900191,HIVNRIMNVHAP,,,1000,1000
900192,LKSLFGSDPWSK,,,1000,1000
900193,LKSLFGNDPSYQ,,,1000,1000
900194,MTISPLISEDGV,,,1000,1000
900195,MFSTSDSVLIII,,,1000,1000
900196,MENALLFIKYID,,,1000,1000
900197,FEINWHKNKLAF,,,1000,1000
900198,MTLQLIIGKLYG,,,1000,1000
900199,WDLSNPGKALMN,,,1000,1000
900200,LWRGGPKHKPNG,,,1000,1000
900201,MFHRMRDRDLSA,,,1000,1000
900202,MLRLNLGLGPAG,,,1000,1000
900203,LRSLFGSDPLSP,,,1000,1000
900204,MIPLVKVSKSVQ,,,1000,1000
900205,MILLDWALRRKL,,,1000,1000
900206,MATLTSYWGGFG,,,1000,1000
900207,MMIATLLLAQLV,,,1000,1000
900208,MGSENGSSVTEF,,,1000,1000
900209,AHNWLKITGRFE,,,1000,1000
900210,HGIKNPHTYVIY,,,1000,1000
900211,IREESLIEESGD,,,1000,1000
900212,MIYLSQVSKSVQ,,,1000,1000
900213,MQPQAFDEYRRG,,,1000,1000
900214,MAREGIAQVGWW,,,1000,1000
900215,MQMSPPVYTFLF,,,1000,1000
900216,QIANSRGLATPS,,,1000,1000
900217,SKYWFSVEYSVR,,,1000,1000
900218,KAKNRRALLSSP,,,1000,1000
900219,AFLQPSHHDADE,,,1000,1000
900220,LAYANLNWLMAI,,,1000,1000
900221,MLATSGGRRERN,,,1000,1000
900222,MLANGRSNGVVM,,,1000,1000
900223,MWNPRILKKLLK,,,1000,1000
900224,NVKAVFDAAIKV,,,1000,1000
900225,ANTVYGALRGLE,,,1000,1000
900226,MDKWAAYVTGQS,,,1000,1000
900227,RWKLFNKQEWTN,,,1000,1000
900228,QQMESTGSEWTL,,,1000,1000
900229,SNERKQGISGPL,,,1000,1000
900230,MGDGGAINEIWE,,,1000,1000
900231,MANLRKTHPLLK,,,1000,1000
900232,QGMHGVKDEVFL,,,1000,1000
900233,VLGNLNAMINGG,,,1000,1000
900234,MSLKIANKTKVF,,,1000,1000
900235,DLPTPEAGKLPP,,,1000,1000
900236,ASVESPSINING,,,1000,1000
900237,MAAVTDEHPGNN,,,1000,1000
900238,MNFSHIFLRGIL,,,1000,1000
900239,MKVRGIQRNWPH,,,1000,1000
900240,MITIKSIEIRGG,,,1000,1000
900241,MPSLSAVESIGT,,,1000,1000
900242,MGYLNMKSKFSK,,,1000,1000
900243,MASRLTTSAALK,,,1000,1000
900244,MEMAVLKQMQET,,,1000,1000
900245,MIIRSPEPEVKI,,,1000,1000
900246,MLPGPAIPILSQ,,,1000,1000
900247,FTHLIAALPLQL,,,1000,1000
900248,PDGLFEEKHAEH,,,1000,1000
900249,WQLLPLGSLRVS,,,1000,1000
900250,MLLRRLRIRMFL,,,1000,1000
900251,MTRGSRAPLGFS,,,1000,1000
900252,FQYKYYVRWRPL,,,1000,1000
900253,MEAYMAGISNEN,,,1000,1000
900254,MLQKSAGKSTKL,,,1000,1000
900255,MGDNGFGSTDQN,,,1000,1000
900256,MLRFPIVRNVSP,,,1000,1000
900257,KNTVKLERFLQK,,,1000,1000
900258,ALIKEKESLRKA,,,1000,1000
900259,QFEKVQLYEINF,,,1000,1000
900260,DLVSSFVSTDNS,,,1000,1000
900261,VPSDEPFDITKP,,,1000,1000
900262,MAALRHFLRSTQ,,,1000,1000
900263,LKGTGEYNIVNS,,,1000,1000
900264,ADSNQRDFALAA,,,1000,1000
900265,MVEKEKVVVVQQ,,,1000,1000
900266,MADWFTSITAIV,,,1000,1000
900267,MGIHLDPKNFEE,,,1000,1000
900268,MRFTKSNDHKTS,,,1000,1000
900269,MAAAVTWIPLLA,,,1000,1000
900270,MKTKRPARTASG,,,1000,1000
900271,MELIDPNLEPWK,,,1000,1000
900272,MDDHLFFVSIFR,,,1000,1000
900273,MGILFYWILKAK,,,1000,1000
900274,NSTMNSLLQLGR,,,1000,1000
900275,MRKERRGEERGR,,,1000,1000
900276,SRVTKFNTAQGF,,,1000,1000
900277,MLRRPSPKLRPS,,,1000,1000
900278,NVISILVFASPV,,,1000,1000
900279,LGKTLVTRTQGT,,,1000,1000
900280,FRFNSPFVVSIG,,,1000,1000
900281,MLVGGNSASGGG,,,1000,1000
900282,EFERTHYPDVFA,,,1000,1000
900283,RIRLKEEKKLFY,,,1000,1000
900284,PLESEREARRLR,,,1000,1000
900285,AKSNRTEFALAA,,,1000,1000
900286,MNGAWKHIGKEK,,,1000,1000
900287,LLLDGGFTSSLN,,,1000,1000
900288,MKSFVQISKVAQ,,,1000,1000
900289,MMDQARSAFSNL,,,1000,1000
900290,LTLAIVSLMLFL,,,1000,1000
900291,MRMALVRPVLDA,,,1000,1000
900292,MFSLIKNLSTLS,,,1000,1000
900293,MKSTVPYTSRSR,,,1000,1000
900294,MRLALSVRVQIV,,,1000,1000
900295,AKLRVFERHIND,,,1000,1000
900296,VEQITKEQNYQR,,,1000,1000
900297,MIFLTQISKSMQ,,,1000,1000
900298,MEEFQVYLKLDR,,,1000,1000
900299,MLFLHKLITMHP,,,1000,1000
900300,MTDFIFMVRDSS,,,1000,1000
900301,MHHNIKHLTQLN,,,1000,1000
900302,MAGSNVHPGVFL,,,1000,1000
900303,MSSGWIKKNLKV,,,1000,1000
900304,MSKKNVIIWKFH,,,1000,1000
900305,MVVFQKLITVNT,,,1000,1000
900306,MTSKPPATIEWE,,,1000,1000
900307,MRQFPAMESRLW,,,1000,1000
900308,ETFNTPAMYVAI,,,1000,1000
900309,TPDFVEVATGSR,,,1000,1000
900310,LRSLFGNDLLSL,,,1000,1000
900311,MPAQSVNEARLS,,,1000,1000
900312,DTSGLAGNVQLT,,,1000,1000
900313,MWFRGKKRDGRS,,,1000,1000
900314,LTLALVSATIIY,,,1000,1000
900315,ELAAMEAPSVNG,,,1000,1000
900316,MSRIDKFLLSED,,,1000,1000
900317,NAKGDSEPQLNQ,,,1000,1000
900318,MLQDRLESLLAL,,,1000,1000
900319,MQANPPPKMRGY,,,1000,1000
900320,MTLNMKNYKGYE,,,1000,1000
900321,MQWNSTTFHQAL,,,1000,1000
900322,MEALIGLLRWRQ,,,1000,1000
900323,MKVADTGMALLH,,,1000,1000
900324,MEAITFTARKHP,,,1000,1000
900325,FPGGVLFHLYLS,,,1000,1000
900326,KSPKGKLRLLYE,,,1000,1000
900327,TIAVRALNLLRG,,,1000,1000
900328,IGNVPLLLPGES,,,1000,1000
900329,TSAETSIMVELS,,,1000,1000
900330,MLRWRVTLVPKY,,,1000,1000
900331,MRKILESDGFLG,,,1000,1000
900332,MKGTGIPRRWGR,,,1000,1000
900333,MVVGKFSLIQSS,,,1000,1000
900334,EQERQENLEVDM,,,1000,1000
900335,MVPSMLKVIKYS,,,1000,1000
900336,MSKKNNKHKYTSA,,,1000,1000
900337,PEDVMRDAVLSKM,,,1000,1000
900338,SSFSRGSGHKYLL,,,1000,1000
900339,MTGTKYWGGLFTL,,,1000,1000
900340,MLVNHELMTMLHL,,,1000,1000
900341,MKHLDYIHEVPSN,,,1000,1000
900342,MAWEGDGEPTRNE,,,1000,1000
900343,MRINPTTSSSSSA,,,1000,1000
900344,EEVRTNILARAKP,,,1000,1000
900345,MFWLRISIQYGMF,,,1000,1000
900346,MNKFFESTETPID,,,1000,1000
900347,VQVYTDYVTLQAM,,,1000,1000
900348,MTHGTRRDKHRNA,,,1000,1000
900349,HAPGRHGGRGNSI,,,1000,1000
900350,MQLTRRGLSLSWG,,,1000,1000
900351,RHLVLGLISQIIK,,,1000,1000
900352,SFFVRQTGNQNLE,,,1000,1000
900353,MNVILLNLLIITT,,,1000,1000
900354,MHFIRLRFLVLNK,,,1000,1000
900355,MSTQDERQINTEY,,,1000,1000
900356,MAGENHQWQGSIL,,,1000,1000
900357,QLEENLSRKAQKA,,,1000,1000
900358,MKNKKRVPAFLRS,,,1000,1000
900359,LVLIYLTDTIFLH,,,1000,1000
900360,TLDELGLPRSVIS,,,1000,1000
900361,LRYIPFNSIGFIV,,,1000,1000
900362,MNSRVPDFQEVDL,,,1000,1000
900363,SLKSLFGNDQLSQ,,,1000,1000
900364,MVGTGFPEITTLF,,,1000,1000
900365,TAAELPRKSTSND,,,1000,1000
900366,MVSTLAVLGIREP,,,1000,1000
900367,MSRRLQFEDDDGK,,,1000,1000
900368,MAALEHVQPLPLI,,,1000,1000
900369,MKVSVNKRNPNSK,,,1000,1000
900370,NSHRNFQALPAIE,,,1000,1000
900371,MRTRFPSLPGSLT,,,1000,1000
900372,MTRLRSYVWSKMT,,,1000,1000
900373,MTGWLGVVEFNPK,,,1000,1000
900374,MEVFLGQKGVFNK,,,1000,1000
900375,MGISAPELSFLQD,,,1000,1000
900376,MAVAGERGAGGHP,,,1000,1000
900377,MTLLENDGEFKTQ,,,1000,1000
900378,MTQKTKDSGRVLE,,,1000,1000
900379,MITVVMMMIWFGK,,,1000,1000
900380,MSLQSRALGSSFQ,,,1000,1000
900381,QGRNLEEFFESTA,,,1000,1000
900382,ENELYGSIPEFLA,,,1000,1000
900383,MTGDGVNDSPTLV,,,1000,1000
900384,MLSPSLISLRLIY,,,1000,1000
900385,MFQKIEKKKEWGP,,,1000,1000
900386,GENPAPTPKSAVV,,,1000,1000
900387,MLRRKLMIYSLLR,,,1000,1000
900388,MVENQRTRRFRSG,,,1000,1000
900389,MSANKRPWSASGT,,,1000,1000
900390,SSPSVAEKSRARM,,,1000,1000
900391,KTIKDGKQKESKR,,,1000,1000
900392,MPLIKVLIASAGV,,,1000,1000
900393,MPYKDTYAWQEEE,,,1000,1000
900394,MALFNDTSDSPVV,,,1000,1000
900395,MLAVFNVEYIAVF,,,1000,1000
900396,MKIVLALIATVAV,,,1000,1000
900397,AARKWPTAPLLRD,,,1000,1000
900398,MDEKKHHFVLVHG,,,1000,1000
900399,GRKQRAIYRIVAI,,,1000,1000
900400,MRSFSVTKFLRLE,,,1000,1000
900401,FNYRHMANTLSLY,,,1000,1000
900402,KMQLLLPITPLSN,,,1000,1000
900403,MAYLPSQFWMSSR,,,1000,1000
900404,MTGSLWLSLALSL,,,1000,1000
900405,MSKFGLYGKFIVE,,,1000,1000
900406,VTDIARLSKNDIV,,,1000,1000
900407,ISYRELRISPPGK,,,1000,1000
900408,MIRISAQLISGWR,,,1000,1000
900409,MSFHILGGFQVDY,,,1000,1000
900410,MLLGANHFLHNNF,,,1000,1000
900411,MPPSVRGRWISSR,,,1000,1000
900412,MKNMINLVISSGY,,,1000,1000
900413,MDLSKISQVNPSE,,,1000,1000
900414,KARVLAEAMSQTI,,,1000,1000
900415,MENRWQALIVWQV,,,1000,1000
900416,PATNLKIAVEIVE,,,1000,1000
900417,MVLLNKKGFIAYI,,,1000,1000
900418,MAFAVSRAQIRSM,,,1000,1000
900419,MIIRSPEPQVKIV,,,1000,1000
900420,MTAHRRLEAAGMD,,,1000,1000
900421,PSERRRQFERELM,,,1000,1000
900422,MYRVPQLMSTPVA,,,1000,1000
900423,MPENTRSIHRHPR,,,1000,1000
900424,KDHFVKLVSWYDN,,,1000,1000
900425,MASRSNDKDGDSV,,,1000,1000
900426,TNVQTNEEVAIKL,,,1000,1000
900427,QETEEQMELADKA,,,1000,1000
900428,MFKQTRKYNNLPT,,,1000,1000
900429,QFRYKHWIRWIAF,,,1000,1000
900430,MLNFYFMAFRLSQ,,,1000,1000
900431,TRKWTSYMDILFV,,,1000,1000
900432,MQSRFLVKAFVLS,,,1000,1000
900433,MSLWPTNGSSLFL,,,1000,1000
900434,MSTTAKSFVNPTR,,,1000,1000
900435,MPTQPPRARPTHP,,,1000,1000
900436,MDPAKSRNQRKFP,,,1000,1000
900437,MDPRLHLHGRHET,,,1000,1000
900438,IEALSSQKSHQSA,,,1000,1000
900439,MSHTFKQLGDLIL,,,1000,1000
900440,SLRSLFGNDPSLQ,,,1000,1000
900441,PVAGILEDKILFK,,,1000,1000
900442,KYVLEIKFIGFVL,,,1000,1000
900443,MAVNILKEASNGL,,,1000,1000
900444,MIFTPLDQLLDLL,,,1000,1000
900445,MYFIAHFITLLSQ,,,1000,1000
900446,MAREMIRVGYRLR,,,1000,1000
900447,TRDILVFESEQIP,,,1000,1000
900448,MTMNHFKGKQFQQ,,,1000,1000
900449,MQPVSLRAPALLQ,,,1000,1000
900450,LISRSPTIKLTFT,,,1000,1000
900451,MILTRVVVTTSKR,,,1000,1000
900452,EEGLPMHIDMYVP,,,1000,1000
900453,ASPVLFFIMIWLK,,,1000,1000
900454,MTSFEMLTPSLGV,,,1000,1000
900455,MAEAAGLDATPGP,,,1000,1000
900456,MKSQTLKQTRPRG,,,1000,1000
900457,MVMSAGTSQPEAV,,,1000,1000
900458,AKKKKKKKGGGGV,,,1000,1000
900459,MLKYSNKRTQVLS,,,1000,1000
900460,MSSMSMSHGRVIS,,,1000,1000
900461,MTTFNLPSFFVPL,,,1000,1000
900462,MHAPIFASGIRRQ,,,1000,1000
900463,MKLDMLPITIYHY,,,1000,1000
900464,FLMIRKRSVSGPL,,,1000,1000
900465,MRVKGTQMNWPNL,,,1000,1000
900466,EISLMRSRSPWEL,,,1000,1000
900467,MSRYTNETLIVIY,,,1000,1000
900468,MLADHQNFAPRRP,,,1000,1000
900469,KAREKRKRGRRDS,,,1000,1000
900470,MVGYLVKGAGLRL,,,1000,1000
900471,MIAMVLMTLSAFL,,,1000,1000
900472,KFDMVAYVSEEDS,,,1000,1000
900473,KSEKEAAELGKAP,,,1000,1000
900474,MTSLSTLTTKFST,,,1000,1000
900475,GDRVQLVRAGKHQ,,,1000,1000
900476,MATQIIDDAPRTG,,,1000,1000
900477,LLMGAYFLLPLIR,,,1000,1000
900478,MEEKQQQRMRNPK,,,1000,1000
900479,MPLSQTGSYTNQI,,,1000,1000
900480,MKIKGVSLGKLSV,,,1000,1000
900481,MSWVRVMLMGPIL,,,1000,1000
900482,TENLMLGRGENKE,,,1000,1000
900483,EIGGITIAWKFDS,,,1000,1000
900484,MEMKNQHRSDFGM,,,1000,1000
900485,TLFDFFKLNLLTN,,,1000,1000
900486,MILKRSMPLPIVT,,,1000,1000
900487,SVSPTVFYHWLIH,,,1000,1000
900488,NRISRDAPDPTET,,,1000,1000
900489,MIEGASTGQVMPR,,,1000,1000
900490,MVTRDGQRSSAHG,,,1000,1000
900491,MAWYSPLRIDDLA,,,1000,1000
900492,MSTSHLQQIKDTA,,,1000,1000
900493,MATLPTFLRLLNP,,,1000,1000
900494,PLDLAAVEAPTNG,,,1000,1000
900495,MRVMRILRNWQQW,,,1000,1000
900496,WSASALQMKDLST,,,1000,1000
900497,IDKLISQGINAGD,,,1000,1000
900498,HGGFLHLDNNGLK,,,1000,1000
900499,PYKAQLENDIDKL,,,1000,1000
900500,MVPQKRDKFKLWR,,,1000,1000
900501,LDLAALEAPSTNG,,,1000,1000
900502,ADKDYAVTANSKI,,,1000,1000
900503,MIESEERFHISLQ,,,1000,1000
900504,MASADKNGGSVSS,,,1000,1000
900505,PAIAVAIRQQLYE,,,1000,1000
900506,MPSWSSYRMRNFD,,,1000,1000
900507,MNFTQIYSNLSRI,,,1000,1000
900508,TVDELGVARSTIS,,,1000,1000
900509,MKTTAQTDPWYFRL,,,1000,1000
900510,VGNYGHFSVGMGDD,,,1000,1000
900511,MEPFILGYVDSYDD,,,1000,1000
900512,MASVERTAYPLLPS,,,1000,1000
900513,IWILLKKGWDPKGN,,,1000,1000
900514,MSGTPDPAASSKGT,,,1000,1000
900515,MSQRQVLQGRAEAG,,,1000,1000
900516,FSLVFPKAFLEESG,,,1000,1000
900517,YILDQHQVLNRFNR,,,1000,1000
900518,MPRNRNFLNVGIFS,,,1000,1000
900519,MAATFVLHGWWRTS,,,1000,1000
900520,MLQQFRLTLLKKLV,,,1000,1000
900521,RDNDGWLTSDPRKQ,,,1000,1000
900522,MAILPTEIAIATDD,,,1000,1000
900523,MAAARSSVVPVRGA,,,1000,1000
900524,MEILRKRSMLSYSR,,,1000,1000
900525,MSSVDGNIIRNYMI,,,1000,1000
900526,LSAEDRNKLVSTLK,,,1000,1000
900527,MARQNNVFGGTVQS,,,1000,1000
900528,AAFLFKEAGKAQLH,,,1000,1000
900529,MTHSMRLRFPALNQ,,,1000,1000
900530,YKRLEVLSAFTNAV,,,1000,1000
900531,MSTRSRRPGGTPAR,,,1000,1000
900532,IISRWSLKWKPAEA,,,1000,1000
900533,NFKNVKNMEGGFVA,,,1000,1000
900534,MSNPFFEHPLLDSP,,,1000,1000
900535,MKTDNLFYKLFQIE,,,1000,1000
900536,MPLLSYTATPTGKR,,,1000,1000
900537,EALGPTNVTLFVMV,,,1000,1000
900538,GGIGYDLGRNILTH,,,1000,1000
900539,YFVVIDSTLNKLTS,,,1000,1000
900540,TVEVLLSKMDMLIE,,,1000,1000
900541,MVIITSSYKFNTNS,,,1000,1000
900542,NRVHRTLATRSVAS,,,1000,1000
900543,MATIHNEVSSPVDT,,,1000,1000
900544,ANSKRDSSAFALAA,,,1000,1000
900545,LAFKTPNEIVTKPV,,,1000,1000
900546,MNFQNINKWSTRWL,,,1000,1000
900547,MGGLYFLFVWTVSF,,,1000,1000
900548,MGDSLTWSKALKRL,,,1000,1000
900549,FIYLFIGIGVILFI,,,1000,1000
900550,GGFFKREGRTKDHE,,,1000,1000
900551,MKSTPKLSSGKSIL,,,1000,1000
900552,GLKKARKASQFSKR,,,1000,1000
900553,FIREAVVLTGKIAE,,,1000,1000
900554,MKRNLIVIRIYNKR,,,1000,1000
900555,MHNTHRKILFNMVR,,,1000,1000
900556,MEIKVRKNGNERRS,,,1000,1000
900557,QRVKFNLDGRSELQ,,,1000,1000
900558,AMSLQQQNEDLARK,,,1000,1000
900559,MKIEHIAIWVNDLE,,,1000,1000
900560,QFLIVYQPLLLFLK,,,1000,1000
900561,MHINVENTPVSQTR,,,1000,1000
900562,QDYFSEKEEALIEE,,,1000,1000
900563,MTIANGKSSKEPKG,,,1000,1000
900564,MRSEEFPQDLLMEH,,,1000,1000
900565,MSHKIRQPGDSVTF,,,1000,1000
900566,DQLFTDEIEELNRK,,,1000,1000
900567,MLQLPGSRGRQGRT,,,1000,1000
900568,MATAKQFKAKRRSP,,,1000,1000
900569,MSPFEVLKGKSKIE,,,1000,1000
900570,MRGTEERVGHEPLQ,,,1000,1000
900571,MYITVTTMPLHHKN,,,1000,1000
900572,STGVLLHFGHGIFH,,,1000,1000
900573,MFFSSSLLKDDNTP,,,1000,1000
900574,MVENVAWVELIRLL,,,1000,1000
900575,ARARLGVRRFRRKR,,,1000,1000
900576,MDPRPRLTILPEIA,,,1000,1000
900577,MFSRVSTAGTIPRN,,,1000,1000
900578,MTRSTLVAPRPYRR,,,1000,1000
900579,DEDDEDEDEEEDAA,,,1000,1000
900580,MISWSLSLASTKRT,,,1000,1000
900581,MFSGVPFSFPSSIG,,,1000,1000
900582,MELIYKILFTILIR,,,1000,1000
900583,MGGLSAIVTEGSNW,,,1000,1000
900584,MFSTETTETVDNAA,,,1000,1000
900585,MVQKSFFFWAHMVL,,,1000,1000
900586,MYHPSRGGVRGGRD,,,1000,1000
900587,AVNDPFIETKYAAY,,,1000,1000
900588,MKVLDRPQTETHIY,,,1000,1000
900589,KDIKIDRKIPRDTQ,,,1000,1000
900590,MAVTFALHGWWRTS,,,1000,1000
900591,MDKDVWKLAIHVPEP,,,1000,1000
900592,MKFAQRGNSALHRAP,,,1000,1000
900593,DEHGFISREFHRKYR,,,1000,1000
900594,MVVNPKLGTFYYVQL,,,1000,1000
900595,QLIADGNKERAYQLH,,,1000,1000
900596,MLLISLRFYFWLKMS,,,1000,1000
900597,GHKKTDKKGKRRRKS,,,1000,1000
900598,MGPISPKSIAIRAGA,,,1000,1000
900599,NFPIYLAPIEAATNG,,,1000,1000
900600,MAGNLKGLSRFKSYM,,,1000,1000
900601,LAEDLDASPIWVVNI,,,1000,1000
900602,MYNSPGISIALISIT,,,1000,1000
900603,ELGDNLKMKIQILLH,,,1000,1000
900604,MTPLYTDPRKTLKLQ,,,1000,1000
900605,IFWTFIDNKNLEIAR,,,1000,1000
900606,MPDLKYNSNREEIGS,,,1000,1000
900607,AYPFEPPKMQFITKV,,,1000,1000
900608,TDYPLAHRGPNRLEK,,,1000,1000
900609,MELNYFDFLYNTSKQ,,,1000,1000
900610,MHLYRKFRQTFAVLV,,,1000,1000
900611,MLIIVWNGRIVVWYG,,,1000,1000
900612,MRLVFGLKKMSNMGL,,,1000,1000
900613,MARRPRLSTRYSTRN,,,1000,1000
900614,MLTSLRGELFFEPPR,,,1000,1000
900615,MLHESLILYFKIKFL,,,1000,1000
900616,HANSSQGVSDFTDVA,,,1000,1000
900617,MPSIFVPLVGISSSY,,,1000,1000
900618,KFEKEAAELGKGSFK,,,1000,1000
900619,MTGQQWRNSNLRLLI,,,1000,1000
900620,MEQAPEDQGPQRDWT,,,1000,1000
900621,MRVYGALMWSLGKAA,,,1000,1000
900622,TGNVKSFFVRQTNKS,,,1000,1000
900623,MADYLDRKGWWYEIK,,,1000,1000
900624,PYPHILSTPAAQTMS,,,1000,1000
900625,MRSTYGWWLLSHKLD,,,1000,1000
900626,GDTNIKLKDNKGSAK,,,1000,1000
900627,TPFTDVTVDNISKAL,,,1000,1000
900628,MFGVSKKKRGLKEQQ,,,1000,1000
900629,MHQSVRKMNTLTPLS,,,1000,1000
900630,YPKYLLSLTLNGYRR,,,1000,1000
900631,DKAHSQEGDGLARLV,,,1000,1000
900632,DLKNGPFGQIINSAQ,,,1000,1000
900633,DRHLAPSFVNEDGVE,,,1000,1000
900634,GHKARVLAEAMSQVT,,,1000,1000
900635,MMGAFGLLFYPIKSS,,,1000,1000
900636,MTLSFIWNSQKGKSD,,,1000,1000
900637,MGQKRPIAPPPRPGR,,,1000,1000
900638,MLVYKEPKSTRSKEM,,,1000,1000
900639,SETQYFGPGTRLLVL,,,1000,1000
900640,LLKIITEPFTKLIIQ,,,1000,1000
900641,MPITAGHAALARTAR,,,1000,1000
900642,KRIKLAKMIIKKIFS,,,1000,1000
900643,MTSPWDLSKLQQSVS,,,1000,1000
900644,MIEMLISLTITEMIE,,,1000,1000
900645,MTSINLNTSKLGTKQ,,,1000,1000
900646,GGGGGGGGGGGGGGG,,,1000,1000
900647,MKLLIMFAHLLVERP,,,1000,1000
900648,MARKDTNKQYSLRKL,,,1000,1000
900649,MGKPAARMREAIGVD,,,1000,1000
900650,MRRRVHQINGHKFMA,,,1000,1000
900651,MVNKALKLLFSRYRT,,,1000,1000
900652,ADPRVIEVYLGPEAA,,,1000,1000
900653,YPDYWGGGTMVTVTS,,,1000,1000
900654,TLESDIMSMYNAKKM,,,1000,1000
900655,GYENPTYKFFEQMQN,,,1000,1000
900656,MATTMLKFQPTVIPK,,,1000,1000
900657,MLYLSLSLIFLPGNN,,,1000,1000
900658,MPGSLFLGRSGSRTS,,,1000,1000
900659,MTRQQQHTPLTFPAG,,,1000,1000
900660,MNHLWQGRSRFKAEE,,,1000,1000
900661,MQTTSILTIWWWHTP,,,1000,1000
900662,MAHRSFSIFAFISEV,,,1000,1000
900663,MLLSKTSNEERFQDA,,,1000,1000
900664,YNASDSDTDEENVQA,,,1000,1000
900665,MRLPIHAIVVFHGVM,,,1000,1000
900666,FTVKYENNLTFATVK,,,1000,1000
900667,MGAFVLGQLLDELGQ,,,1000,1000
900668,KAKTSRTESSQGYFF,,,1000,1000
900669,MPTLTSYFGFLLAAL,,,1000,1000
900670,MTYSFYLHNFPSLSF,,,1000,1000
900671,MQFSGKVPMILTKVD,,,1000,1000
900672,MSKTQEKPIRNSSRK,,,1000,1000
900673,NFFQKPLLTSFKQTT,,,1000,1000
900674,MHYLQQINEHDMINQ,,,1000,1000
900675,MDDELSRETLPNRWD,,,1000,1000
900676,TESALKFSWFFLFYM,,,1000,1000
900677,PQTLKPGETSIEFAE,,,1000,1000
900678,MGARASVLSEGDLDR,,,1000,1000
900679,MLLQRESDDSAQLSQ,,,1000,1000
900680,MLLFRQLLTGMSISL,,,1000,1000
900681,HHANTLDSVDSEASA,,,1000,1000
900682,MTPVKKYLKNHHLDI,,,1000,1000
900683,MQKNPEDRLSAQRLL,,,1000,1000
900684,MLNLLKSRKQPAGVA,,,1000,1000
900685,KIIKKKRKNTTASFL,,,1000,1000
900686,MRVLLLPRLWGKRRE,,,1000,1000
900687,FPLDLAAVEVPSING,,,1000,1000
900688,MEESRMHWLKVTKSA,,,1000,1000
900689,MGAALTALGSVNAPK,,,1000,1000
900690,MKTNPLPATPSVGGS,,,1000,1000
900691,VIRLKQDYQKLHSQKL,,,1000,1000
900692,GELGDNLKMKIQILLH,,,1000,1000
900693,MYEMKTKRKVGAGENV,,,1000,1000
900694,MSTVVLRTNGNGSRRR,,,1000,1000
900695,MDKSPLHSRPLSQVQQ,,,1000,1000
900696,LVLLFLSSFNYVLNIL,,,1000,1000
900697,MVMKPRYFSLGLVDVV,,,1000,1000
900698,MPRARGVRRIARERQR,,,1000,1000
900699,ISGMEQTSFLFQQASK,,,1000,1000
900700,MITAADVYVGHPYVLT,,,1000,1000
900701,MYTRERKELKRYKKSK,,,1000,1000
900702,MMNSTARFLILGWPNF,,,1000,1000
900703,AEEEGEFEEEAEEEVA,,,1000,1000
900704,MITLSSIPSEIISSAF,,,1000,1000
900705,MSGSRNIPQSLSVSAV,,,1000,1000
900706,MSVPSGGFEPKNDVLK,,,1000,1000
900707,THTHTHTTALGVLLFF,,,1000,1000
900708,KIKVNYQLYEPVLPSI,,,1000,1000
900709,MSRTTHFMSSKLEHRP,,,1000,1000
900710,MDGQFVSSQLMVLYLM,,,1000,1000
900711,SIVGRPRHHGIMIGMG,,,1000,1000
900712,PENEAPIDTNLIEFDT,,,1000,1000
900713,PRKSISLSNIGEVPIS,,,1000,1000
900714,MITIIFGVNIPTGHIF,,,1000,1000
900715,LSLLLKGTVVAPPDKF,,,1000,1000
900716,SKSESDADDSGHGENS,,,1000,1000
900717,NFPLDLAAIEAPFING,,,1000,1000
900718,NVFTAQASVGEQSVEI,,,1000,1000
900719,MLREKLQPGGAENSTL,,,1000,1000
900720,LTAPTDKPGVALLDFV,,,1000,1000
900721,MFIKIPFLSNGLIFFH,,,1000,1000
900722,NFPLDLAAIEVPSLNG,,,1000,1000
900723,MEEMMHSKFTISTLTL,,,1000,1000
900724,MFVLKEREREPLRKFH,,,1000,1000
900725,MQTSIQTSEAIEPTQT,,,1000,1000
900726,MMQMLKFQWLQSSRWA,,,1000,1000
900727,MKHLIGPKLTRHHNPI,,,1000,1000
900728,GPPQLVPGSQIDVLIE,,,1000,1000
900729,MKDHQDENENKTHNLT,,,1000,1000
900730,NKPELFGELSKGQSPP,,,1000,1000
900731,MPSIDETKEDLETTTN,,,1000,1000
900732,MEEEQELKTSVKQQDQ,,,1000,1000
900733,MVRMGTPSPFRSPFPL,,,1000,1000
900734,KERRLQLFKDYFVEER,,,1000,1000
900735,MKALQSSLPTQRSLEE,,,1000,1000
900736,GSDIAGTTSTLQKQIA,,,1000,1000
900737,IEKFEKEAAELGKGSS,,,1000,1000
900738,WYLWGIVILFLLINVG,,,1000,1000
900739,MRRQTATSGVTPAGSS,,,1000,1000
900740,MASAGIRASLPPTLTH,,,1000,1000
900741,MNEHVEMLEQQQEVEA,,,1000,1000
900742,SGQQVEQMASFTSYWG,,,1000,1000
900743,MKIFSNRMKPLEWFGT,,,1000,1000
900744,TRSMSSARNERRDGFQ,,,1000,1000
900745,PLASLRSLFGNDPSSQ,,,1000,1000
900746,MIQHNHTSIRHRKEIS,,,1000,1000
900747,MQFTGLKDKNGVDIYE,,,1000,1000
900748,MSSFHNQEKKDSRPTY,,,1000,1000
900749,EEAKPDNEVSENVAGV,,,1000,1000
900750,MELQTRKMNPPRSRIL,,,1000,1000
900751,NFPLDLASVEALSING,,,1000,1000
900752,MEWEGKVLEKRREGRK,,,1000,1000
900753,MKWIPARTMERWRIQI,,,1000,1000
900754,ASSSTFPPHALNFHMK,,,1000,1000
900755,LGGEIALWSLVVLAIE,,,1000,1000
900756,MRAPSPRGSWRGSWGL,,,1000,1000
900757,MEVPAAEETNRISTAW,,,1000,1000
900758,MYSLSPINPESRKTKA,,,1000,1000
900759,MSSPEGNRQPQSPSTS,,,1000,1000
900760,MVIINKGAETRTKVVI,,,1000,1000
900761,MALLLLETLSLLPETS,,,1000,1000
900762,MKVQGTWTWLLPVKLI,,,1000,1000
900763,IHNGMFFSTYDRDNDG,,,1000,1000
900764,MENIGNQVTMLRDKAV,,,1000,1000
900765,MMNTVLAVIKGRVKRW,,,1000,1000
900766,MTLPLEHPESRTVKQI,,,1000,1000
900767,WYLWGIVILLLLLNLK,,,1000,1000
900768,MLHSPLGSSHSSDPAI,,,1000,1000
900769,MEPTIVTHSRSSIQEG,,,1000,1000
900770,LMESSRYFEALLSGSY,,,1000,1000
900771,FAELRWASATNRQREK,,,1000,1000
900772,MELSLLESLNFIVSLE,,,1000,1000
900773,MTISEIMKKPLRKLNV,,,1000,1000
900774,MQALTASHATLMTPKH,,,1000,1000
900775,KESKKYSTVRAELKGG,,,1000,1000
900776,KMDGTLTTETILLQST,,,1000,1000
900777,MGRPTEWSEVHKKALG,,,1000,1000
900778,MRRILMIGHLDSTVML,,,1000,1000
900779,MFFYTTATGKTITPET,,,1000,1000
900780,MKRIRPMVERYHGNVI,,,1000,1000
900781,MYRLVLLEIIILVYFG,,,1000,1000
900782,MKTSVSRFIYTKIKNR,,,1000,1000
900783,MLVGGQFYSYNGQPAN,,,1000,1000
900784,MSILPYKRLAQRINLM,,,1000,1000
900785,RLVIQQFIRNHSFLGG,,,1000,1000
900786,MRLRAQKAGSTYMLGA,,,1000,1000
900787,MEGVAERMNRTIVEKM,,,1000,1000
900788,MFILPLGSLYKGALHS,,,1000,1000
900789,PLISLKSLFGSDPLFQ,,,1000,1000
900790,YSDEVQRRAAFSVYQP,,,1000,1000
900791,MSASSTPKGTPVQRSP,,,1000,1000
900792,TSQKKKKKSQKKRKKK,,,1000,1000
900793,MEEAKLPLTREDEERI,,,1000,1000
900794,MSSISDTVKRAREARE,,,1000,1000
900795,MLDTMEAPGHSRQLLL,,,1000,1000
900796,MQYKRFYTLSLNNSYL,,,1000,1000
900797,MGISRQFTEWLYMTVR,,,1000,1000
900798,MKSKKSNIVWVHGFKG,,,1000,1000
900799,IEIQTNNGHRSSTPYL,,,1000,1000
900800,ITTVVYGDYAFSTLKG,,,1000,1000
900801,TLTVPDMVNGVPGPYRT,,,1000,1000
900802,MDLDPYKEFGASAELLS,,,1000,1000
900803,IFKKQKQAYQLAANEFF,,,1000,1000
900804,MKSFDNLNNWREEFLIQ,,,1000,1000
900805,FAPLGAAYIGESMEGHH,,,1000,1000
900806,MSLIPSIFRGPRANVFD,,,1000,1000
900807,MAAPGEEDAARPRMRVL,,,1000,1000
900808,HYFLYLVKLKVHKLVLS,,,1000,1000
900809,MEAKKGTGGEEMSDWVV,,,1000,1000
900810,MELSGPEPNDLNNLVLM,,,1000,1000
900811,IINRTANNLSSAIFKLF,,,1000,1000
900812,SILIMPMLGVQLETHYR,,,1000,1000
900813,MIIKVYSESSFLLTYRT,,,1000,1000
900814,MPRKGWVGGNWKTNGTK,,,1000,1000
900815,MYLRRGVTLIEILAVIA,,,1000,1000
900816,MILEDLSLSKVWRRFLV,,,1000,1000
900817,QNGYENPTYKFFEQMQN,,,1000,1000
900818,MLVSKRSTIKKILDILF,,,1000,1000
900819,MRTVAPLRTVPALASKF,,,1000,1000
900820,MHSVGTVRTTSEFRQTD,,,1000,1000
900821,MDSGIEVFPSNKGTTPK,,,1000,1000
900822,KSLSTGNSKSFFVPQNK,,,1000,1000
900823,MMRQLNYLITSHQNILR,,,1000,1000
900824,PLFPGEGAVDQLVEIIK,,,1000,1000
900825,MTFADFERAMQKAGYKL,,,1000,1000
900826,MSNITVTYRDGRVAQLE,,,1000,1000
900827,DEYKQVDVGKVGMVATA,,,1000,1000
900828,MFIFMKPFKLEELLFVS,,,1000,1000
900829,STTGKPSGKGRGNTPKR,,,1000,1000
900830,SYTGDEPDRYSPTNDRK,,,1000,1000
900831,NVRGIDANAGKLADSVK,,,1000,1000
900832,MEEGYRFFSYGDAMLIL,,,1000,1000
900833,MKMNPTTSSSGVATLTK,,,1000,1000
900834,NYEAYFGAGTKLTVLGE,,,1000,1000
900835,RRNPLSRSSRIYSHNKI,,,1000,1000
900836,MKLGTAFGAFLDPVADK,,,1000,1000
900837,MKQQDSINTLRFVKWNP,,,1000,1000
900838,PSVSWIKGETVVKENAR,,,1000,1000
900839,MTWTSDTLITRKFSFNF,,,1000,1000
900840,REARLEGIGGEILYYIW,,,1000,1000
900841,MDVPRTLSLLRRQGEDA,,,1000,1000
900842,QESEDRNNEEMSHLQDT,,,1000,1000
900843,EEAAHGAMQVYKKEKSI,,,1000,1000
900844,MYIFFFWKEISKGKKLI,,,1000,1000
900845,MALASNSPLLWRVGSKK,,,1000,1000
900846,MNGVVLQGKFNRWNHKQ,,,1000,1000
900847,PKRDWSSASSATSNPSP,,,1000,1000
900848,MKILIARHVSTGLIYLF,,,1000,1000
900849,VLRSAFKKMHIYLHQKY,,,1000,1000
900850,MVTVKGRKSSSKNPPIL,,,1000,1000
900851,MAQQSVLRKKEQKDRGA,,,1000,1000
900852,MPTFHTIGDGHRHTTTL,,,1000,1000
900853,MQLQFKFSGKLLFVSAQ,,,1000,1000
900854,WLATEALVNNPKIDVTP,,,1000,1000
900855,MGQWNSGVSLTDLSWTL,,,1000,1000
900856,MQNSHSGVNQLGGVFVN,,,1000,1000
900857,AVVEAFIRLHDKGLIYQ,,,1000,1000
900858,MTLSWMPRFTGEKLILR,,,1000,1000
900859,MMATSDSRKIKIQTARK,,,1000,1000
900860,MHLFTRIVDILLDFRYI,,,1000,1000
900861,MTTSTDKDLAQLLQPLQ,,,1000,1000
900862,MEQPFPNGWTSSMSSWI,,,1000,1000
900863,VNKYQYLITGRVYEGKV,,,1000,1000
900864,MYNMSNFAFGIAFYRSA,,,1000,1000
900865,NFSSFRKIFEEFFVVDI,,,1000,1000
900866,ETVVKETARIAVLDSGN,,,1000,1000
900867,MSDTMTAHRKRGHGYPR,,,1000,1000
900868,MGKEYKTLINKALERFY,,,1000,1000
900869,MVFTFFKGDRSSILSYD,,,1000,1000
900870,MEQAPENPREPFNAWTL,,,1000,1000
900871,FSLKSRIKHLKLTVDSR,,,1000,1000
900872,YMYRHIIMHHIYNIKLY,,,1000,1000
900873,RILRRPYVTRFAIKWIE,,,1000,1000
900874,MESEAGSWLLFSIRPDRN,,,1000,1000
900875,FVKLVSWYDNEFGYRNRG,,,1000,1000
900876,MQIDFLQLHTSQIQLNKP,,,1000,1000
900877,MINETLQHTVQVNSFPQQ,,,1000,1000
900878,MKLLAVLYGTKQVHTSGK,,,1000,1000
900879,TKLSGPSILSIELPELEF,,,1000,1000
900880,MVAPLSPGSYYYVLGWLI,,,1000,1000
900881,VVLQGTIEGSWIILEEQW,,,1000,1000
900882,LKSLLIYLVLAIIYKNIL,,,1000,1000
900883,ERFSLGVRNPTAFLAGAM,,,1000,1000
900884,NIQVDPSGQVQWLQQQLV,,,1000,1000
900885,MFIGYLEVEEVPITWLML,,,1000,1000
900886,MHHLFSQVLGQRDLSRAG,,,1000,1000
900887,MNAVSMQNSFLNSSTWPV,,,1000,1000
900888,PFHINDNAPLRLQIFNFI,,,1000,1000
900889,MVTTLIAVIGTLAGTGLA,,,1000,1000
900890,TTASLSSRNTRNLESFHK,,,1000,1000
900891,MPVHTSLVLSASASIIQI,,,1000,1000
900892,SLSTSIEGGTKWLVNKIK,,,1000,1000
900893,MKISLWRKDLMGVGVERG,,,1000,1000
900894,MAADIRISEYLTKTLSQL,,,1000,1000
900895,WEGDRNLAPSFVNEDGVA,,,1000,1000
900896,MILVQRYLLRVLQNNQVL,,,1000,1000
900897,MSGRGKGGKGLGKGGAKR,,,1000,1000
900898,GGFDMIRSGRDKIETPEQ,,,1000,1000
900899,MGNFSTAASDRSLPIVSS,,,1000,1000
900900,SLVSLNEPKDEIYMESQP,,,1000,1000
900901,MKNIVLALIATVAVGLGT,,,1000,1000
900902,MYHRAKHEAKGPAKTIRA,,,1000,1000
900903,MVFNFELKKILHIRNSNS,,,1000,1000
900904,GDVAIWDNRATQHYALDD,,,1000,1000
900905,MSKRRLAGMTSARTPSQA,,,1000,1000
900906,MTIEFSNFSFRYESLDKP,,,1000,1000
900907,MVKKATNRLFLSMAQLVL,,,1000,1000
900908,MIWHYRMKTSFSILREFL,,,1000,1000
900909,MRRRRRRGSVSDAVLRRS,,,1000,1000
900910,EWTLGRNVDLGHGVEVYM,,,1000,1000
900911,FELQQANVVGKDLSGTSE,,,1000,1000
900912,YNFNKFYFGSGTKLNVKP,,,1000,1000
900913,NPEALDLDAHAVLPPLFR,,,1000,1000
900914,MSGERKTELASIKFVSLL,,,1000,1000
900915,MFSTSAKIAKPNGEKPDE,,,1000,1000
900916,VNPRLYGDRRTRFFAFTS,,,1000,1000
900917,SRDEQGVELEKRGQNVSI,,,1000,1000
900918,QGWITYSSEGWPRLKAVA,,,1000,1000
900919,MIRPANFQQQGPPIPFFI,,,1000,1000
900920,YKIGPSPVRDDTHVYPSL,,,1000,1000
900921,GSGDWRTDGFIVGVGYKF,,,1000,1000
900922,LTNSGNSDADVTILFTWA,,,1000,1000
900923,MEYPHVMWILQLDKNPLR,,,1000,1000
900924,MGNLFLNKKNLGDYVMLT,,,1000,1000
900925,MSPQTETKTGFGFKAGVK,,,1000,1000
900926,ILSLRDVWKKTRGVYFNL,,,1000,1000
900927,MYWWQFRVTQKYKTLYLW,,,1000,1000
900928,MVLLINHISESYVMTYVS,,,1000,1000
900929,MDPLYELSWSSPSAFYSR,,,1000,1000
900930,MLGVFYRITLRERPMINR,,,1000,1000
900931,MSARHFIDKAKRYYSQRI,,,1000,1000
900932,MASFILPLLTSQRGDSGR,,,1000,1000
900933,MLTLTIPIQTLHTKKQVI,,,1000,1000
900934,MGIWQNTKLIQPFLISFF,,,1000,1000
900935,PDLNSLDFYLRGHLGTLV,,,1000,1000
900936,MADMSDEATKASYFDWSI,,,1000,1000
900937,MGRPSDPIGHDMYITGGA,,,1000,1000
900938,TAHLWDIRWLRERARKTR,,,1000,1000
900939,AHNFPLDLAAVEVPSTNG,,,1000,1000
900940,AGKTFPDVPADHWGIDSI,,,1000,1000
900941,MHVEHHFPADPKYFDIGY,,,1000,1000
900942,DLLVPDSLKDAFDGVTAV,,,1000,1000
900943,LFAARDKGVSLSTISRTI,,,1000,1000
900944,MYEHDHLGIKEKGYGEDY,,,1000,1000
900945,MPSGLSPDISLAQSAFGS,,,1000,1000
900946,MWHLSLKHVMWQINIILI,,,1000,1000
900947,MQFNSEAGLDIVKNIIVS,,,1000,1000
900948,MLTAPGVQKEYVDAQPPD,,,1000,1000
900949,MVLSIFGVLGGRLKNVLE,,,1000,1000
900950,MSNVGEKREAKLILFIND,,,1000,1000
900951,MTSRSIFASFLISVIILQ,,,1000,1000
900952,MSPTVDRVQVNSLSLEVQ,,,1000,1000
900953,MIDHNYPFHLNNKTVLLA,,,1000,1000
900954,QRERFEAWDEAYRLESHL,,,1000,1000
900955,MVDHKVASTHTVSHSGRH,,,1000,1000
900956,MLVVETIRSGNRRRIWKS,,,1000,1000
900957,MGKLPKDVSYEQGAMEIPF,,,1000,1000
900958,MNSGQLYVHPVYKSVIRFL,,,1000,1000
900959,MVREDRTTWKANYFLKLVE,,,1000,1000
900960,MAIAAVIDYEGGEEHWLGE,,,1000,1000
900961,IITPLMGSMENKLARLNKV,,,1000,1000
900962,QDLTGSDLLVQEMINVLDG,,,1000,1000
900963,AKKRETSLGVEEAEKRLRN,,,1000,1000
900964,MKNVTDSFVFLGHWSLAGT,,,1000,1000
900965,MATQGTKRQREREVRLLAK,,,1000,1000
900966,MMVNGSKLALGQDNWSQVM,,,1000,1000
900967,YMPWEGYNSEDAVLISERL,,,1000,1000
900968,MTSDYRVSPIKKSRPAMSK,,,1000,1000
900969,MRLLKLVSAFVILYGALLV,,,1000,1000
900970,MSKDRPKIAHTPNIRIGEP,,,1000,1000
900971,MVNTYKNSETRKKSWTRIQ,,,1000,1000
900972,ALASLYNEHQVMKTNSLEN,,,1000,1000
900973,MMTHIITNSITAKMVDYHI,,,1000,1000
900974,MTTLNSLPSIFVPLVGLVF,,,1000,1000
900975,MMLLSIIFAFKINLSMLVY,,,1000,1000
900976,KAVFDPNGVMNRGKVFDIE,,,1000,1000
900977,MLWSKSFQKISIGFTILHI,,,1000,1000
900978,MKSNVKLKINSLQSLENPP,,,1000,1000
900979,MRKAFTLQGGSQPLRYFIR,,,1000,1000
900980,MSFKIEFGRASLVKLESRF,,,1000,1000
900981,WNKPQKTRGRQGNHSMNGH,,,1000,1000
900982,MTIALGRFIKEENDLFDIM,,,1000,1000
900983,MSFGMLPVKLFHIKSNVFS,,,1000,1000
900984,MLLLNPEGGTVLVNLLQPS,,,1000,1000
900985,MHHSMQSHAVVSSAFLSLI,,,1000,1000
900986,MRRSSTKRTFIVVQKIRDL,,,1000,1000
900987,LMMQSTILTRNVNRVHHYY,,,1000,1000
900988,MADEDVPWQDAAPGIYLDI,,,1000,1000
900989,MKTRTGQVLISSPETISKE,,,1000,1000
900990,MANLQERARENQVKKKVEE,,,1000,1000
900991,TGRAGLFRVKGVEEHGEGD,,,1000,1000
900992,RNAHNFPLDLAVLEAPTNG,,,1000,1000
900993,TGMAGVPGTASAIFGAVKE,,,1000,1000
900994,MDYFDKQQVQNTRGSGKYT,,,1000,1000
900995,VFRGLASRGPLMGIKKSSW,,,1000,1000
900996,MRSASMWPSGTPWEELLQW,,,1000,1000
900997,MHSSLHLVLHRRPKTVLNT,,,1000,1000
900998,MVIEHKLVNVYLDRIEAFR,,,1000,1000
900999,INRVLYDFTPKPPATVEYE,,,1000,1000
901000,MRITLSKEPYVSKPRDLGT,,,1000,1000
901001,MLHSKYDNSNIAKTNLSIQ,,,1000,1000
901002,MLDILAEYLKYRQFPFQRL,,,1000,1000
901003,MSMLAPNGSVITAGSRLMT,,,1000,1000
901004,RVKNIIKNSLSMNKIFYTK,,,1000,1000
901005,MGFGASKFQPLFTLTRKWF,,,1000,1000
901006,MLPSLSSQLYLWLFIFYSD,,,1000,1000
901007,GQTNLTENAKGFGVRQRTK,,,1000,1000
901008,MRTEKVLKQNEKRFKSVMF,,,1000,1000
901009,MRKHVIILVILLVISFQAY,,,1000,1000
901010,TDLGVSKFDVEAVLKYLLP,,,1000,1000
901011,MYNSSNSDGTFEGKGFEGQ,,,1000,1000
901012,AMEPPHEAAVSSAIAMLYE,,,1000,1000
901013,MFQSPVNYQFFLFKAILDK,,,1000,1000
901014,MKPKNLVDKMEMITEVVVA,,,1000,1000
901015,MFFLYIYKQYYWYILVFFR,,,1000,1000
901016,MTVDNTSSKEESKKDNIPK,,,1000,1000
901017,MQMTITLGYFEIEAHIFEL,,,1000,1000
901018,MAFPKNRYQSKGPMEASKA,,,1000,1000
901019,MDGFYDQQVPYMVTNSQRGR,,,1000,1000
901020,MIEFSGRYAEHGRANPSLSK,,,1000,1000
901021,EIIYSIRLVPGSSPGQSHYD,,,1000,1000
901022,ADYSGDIHKNDYKRRMQFNV,,,1000,1000
901023,MVVEVEAPNAKVAEQTIKED,,,1000,1000
901024,MYEDSVKVEQIQSIGLLIVY,,,1000,1000
901025,MPKSDKASSSEAPSSTTSLS,,,1000,1000
901026,MRAKKEKKKKKKKKKTKYTG,,,1000,1000
901027,MGIENYPAVLTSSLDNAPLI,,,1000,1000
901028,MKGNPYRLIVDIFYKDQVIY,,,1000,1000
901029,MLSLKSISPTPTNSTDLRVM,,,1000,1000
901030,MQEKLDLVIEGGAVINGLGG,,,1000,1000
901031,MEDQVPGVGSNRKAWRRSYT,,,1000,1000
901032,MPSDSRQGKVVSDRASFVVM,,,1000,1000
901033,MLEEIASNSDNIDYGEMIHV,,,1000,1000
901034,MAWYGNKLINITTLLITQLR,,,1000,1000
901035,MKMLKPLMQAVVPAWGEAAK,,,1000,1000
901036,MKTSSLSFEISELVENNVGY,,,1000,1000
901037,LLEIVMLKNRLEDQIWFKVS,,,1000,1000
901038,MDMEQNTQKDLMKSYRFPSR,,,1000,1000
901039,PKLLFDRTNVEILRKIAKYA,,,1000,1000
901040,RSQLNLDWNQRLKVAFGAAQ,,,1000,1000
901041,YREVTITEKGYAAFKTHFHI,,,1000,1000
901042,MSTKHYRPVLSNHSRYVVGR,,,1000,1000
901043,MSFLDTRWILSKNLYSIQSW,,,1000,1000
901044,MVSHILVLVSRLLRDYRRKG,,,1000,1000
901045,MAKISQSQFSYLAKEEFEIM,,,1000,1000
901046,VINKKDPNRKQRQKGPARKK,,,1000,1000
901047,FMIMRGIPLRSGRWRKRFKM,,,1000,1000
901048,MSTWTKTTDPTLKSTMSFNN,,,1000,1000
901049,YTLFWILLLMTKLAFSYYIE,,,1000,1000
901050,MSLKSSNGREINENILLTAT,,,1000,1000
901051,MYDPTSLLWLVLLFYLILSP,,,1000,1000
901052,MHKTSFLSLFFQKRHKGNTA,,,1000,1000
901053,MFIKTILRYLKPRAVNGARF,,,1000,1000
901054,SILDLLEIEVRDVELKEKFG,,,1000,1000
901055,MTELETQLLSALEQLPGHYP,,,1000,1000
901056,SWVMSRVWDEGYPWDMLFIT,,,1000,1000
901057,MIVPVTTGGNSRIKQIGRAH,,,1000,1000
901058,MWEEEMRYIYSGHARFTEEY,,,1000,1000
901059,VNKAQVAHKSMNNSKSKDAR,,,1000,1000
901060,MKRKHNKEESKTHPAYTESL,,,1000,1000
901061,MQPHSDHPLLVSSPSKGRRV,,,1000,1000
901062,MAYNAQGGTYAEYRATFTSH,,,1000,1000
901063,MALRTLLIALLAASTVVLAG,,,1000,1000
901064,MSQKKAGKYGLGIKEDHVKR,,,1000,1000
901065,MTTNRYRHHHHHNKRNLMLY,,,1000,1000
901066,MNNRRSIFIRRILLFTLLPV,,,1000,1000
901067,MNRGLTLFAVQGIIRRFPLF,,,1000,1000
901068,MLPPDKEELVREGNQLNGKS,,,1000,1000
901069,MSMLRPTFTRIIGLAQEKSW,,,1000,1000
901070,LDVSGAAHIENYYNEVVTLQ,,,1000,1000
901071,MGRSLQEEPRTSNTKQGVLG,,,1000,1000
901072,MAKGKFERTKPHVNIGTIGH,,,1000,1000
901073,MGQFFAYATVSAVMGDNHVA,,,1000,1000
901074,MLIQFKNKWIDTFLAFVSQS,,,1000,1000
901075,VIGGYDAPPNYWKWQISLQK,,,1000,1000
901076,MYLKMKVAMWHSFVNNRNVP,,,1000,1000
901077,MLFENLLMNWILNMMNMNEL,,,1000,1000
901078,KNKGLDQQADEQKTQNVQNV,,,1000,1000
901079,MRWQNNIYFIQIQNLFIFIF,,,1000,1000
901080,FAIREGGRTVGAGTVTKIIE,,,1000,1000
901081,MNSKSQLHTKENPSIQSVFD,,,1000,1000
901082,TYYAAVIENRVDFQDRIVVD,,,1000,1000
901083,MRHEMAGATQGRTKWSAALS,,,1000,1000
901084,MNMYIAEPGIYRASNLNLSP,,,1000,1000
901085,MTWPEQLAISTRKEYHENQT,,,1000,1000
901086,MEIGFSIPDFQAIKRPHNED,,,1000,1000
901087,MKGRTKETEQNISMKSEQVD,,,1000,1000
901088,LRNAHNFPLDLAAIEAPTNG,,,1000,1000
901089,PSTPVKAGDEVAFFPPVTGG,,,1000,1000
901090,MSLLEKYNVIYSNNDKMKSN,,,1000,1000
901091,GVTEVIPRRNNRGKLVLNPI,,,1000,1000
901092,MQGFRFPNAPLAMQEKYSPA,,,1000,1000
901093,AIFSFTFQVRRVNETRWKRE,,,1000,1000
901094,MAVREIFAGMPWWVKWIAVP,,,1000,1000
901095,MRLKMKKKTGAANERWPTAG,,,1000,1000
901096,MSSGHRKVIKVGILSMGDTG,,,1000,1000
901097,LIKNNFQDPMLSLEMLVSRL,,,1000,1000
901098,NLQDGQLSDTGDLGEDIASN,,,1000,1000
901099,MSLVLLAILFKITQNSLPRR,,,1000,1000
901100,MGKVFALSGEDADQVDNLIR,,,1000,1000
901101,MNFEVWNVLFSALVPPTQIP,,,1000,1000
901102,MIKNIKGFTLIELMIVITII,,,1000,1000
901103,MQRYKKMVRQNRIVDELQHH,,,1000,1000
901104,IKKKMHTHYIYSISQYMKFS,,,1000,1000
901105,MEQVPGDQGPQREPYNEWTL,,,1000,1000
901106,INIIVIFIAPSSLTSSSRPF,,,1000,1000
901107,MITRLPFEKIRLAYTYLNSQ,,,1000,1000
901108,LAHQYQSFRNLEVYVDGQLK,,,1000,1000
901109,MTPGDSPWRIAKGPSSPART,,,1000,1000
901110,STSFYYATEEVTGEKDSSKD,,,1000,1000
901111,PPIPVGDIYKRWIILGLNKI,,,1000,1000
901112,MVTLGITAFGITTQGLIARA,,,1000,1000
901113,MDNINSAKKAVVTSKKLGTW,,,1000,1000
901114,MIEMEKLTGIKMQALQANRL,,,1000,1000
901115,EKFKRSDKSTIKKRYMHLTE,,,1000,1000
901116,ERNAHNFPLDLASIEAPTNG,,,1000,1000
901117,VAVFSSWARQVLETQKEPDD,,,1000,1000
901118,MKRILLLISFLFAPIFAGPA,,,1000,1000
901119,AETVTMGDMLPYGFRGDILK,,,1000,1000
901120,ENMFNIKSSVESDSFWG,,,1001,1001
901121,FLGVVFKGASKVFPAVFGKV,,,1001,1001
901122,FLGVVFKSASKVFPAVFGKV,,,1001,1001
901123,FLGGVFKGASKVFPAVFGKV,,,1001,1001
901124,FLGSVFKSASKVFPAVFGKV,,,1001,1001
901125,FLGVVVKLASKVFPAVFGKV,,,1001,1001
901126,FLGVVFKLAVKVFPAVFGKV,,,1001,1001
901127,FLGKVVKGASKVFPAVFGKV,,,1001,1001
901128,FLGKVFKGASKVVPAVFGKV,,,1001,1001
901129,FLGVVFKGASKVFPAVVGKV,,,1001,1001
901130,FLGVVFKLASKVFGAVFGKV,,,1001,1001
901131,GVSVAGAKKVKVLFVFPFLF,,,1001,1001
901132,RKVAPALIKSFVFLFKFKKG,,,1001,1001
901133,SVPSVGAVLFFKRAAVMKLI,,,1001,1001
901134,ASPTVFRSSVFLSLFVVAKK,,,1001,1001
901135,LPVVFRVASKVFPALISKLT,,,1001,1001
901136,KVFIATLVVSSFLLAKPPRV,,,1001,1001
901137,THIHMNARLLIRSPFTDPQL,,,1001,1001
901138,RKRKSDVDFEAEFELFEDDD,,,1001,1001
901139,AATGTGKTAAFALPVLERLI,,,1001,1001
901140,PYSLKNGENWLLSEEIIRYP,,,1001,1001
901141,KFDPLEGAPMARGIVLEKVG,,,1001,1001
901142,HTGRSGPATGHSGHSSTHGS,,,1001,1001
901143,ALFSLASKVVPSVFSMVTKK,,,1001,1001
901144,MVVFSVPKFKSTVAKLLSSA,,,1001,1001
901145,LSAVGKIASKVVPSVIGAFK,,,1001,1001
901146,GVSSPIVAVKFKGAVASLIK,,,1001,1001
901147,PVIGKLASKVVPSVFSMIKR,,,1001,1001
901148,SRVPLKSPVKIVGSKVMIFA,,,1001,1001
901149,GLKKDALQSIVKKAQLAAMG,,,1001,1001
901150,PVVFSVASKVVPSLISALKR,,,1001,1001
901151,KSPFVLVVSSRVAAVIKSLP,,,1001,1001
901152,SAVGKLASKVFPAVFSMVTK,,,1001,1001
901153,FMKVLAVFGSVVTSAPKASK,,,1001,1001
901154,GVVGKLASKVVPSVFGSFTK,,,1001,1001
901155,SVKPVGSSVVKGTALVKFFG,,,1001,1001
901156,SAVGSVASKVVPSLISKVTK,,,1001,1001
901157,STVKVASKLAVVVSPISKGS,,,1001,1001
901158,MKSIAKFIAKTVAKQGAKQG,,,1001,1001
901159,AKKAQKSGAQTIVKIFAKGM,,,1001,1001
901160,LPAVFKLASKVVPSVFGLVK,,,1001,1001
901161,VVAKKFFVLVKGLAPVLSPS,,,1001,1001
901162,PVVGRVASKVFPAVIGLVKK,,,1001,1001
901163,VKRAGKGVAVVPSPLFKIVV,,,1001,1001
901164,SSSIPIKMVLVRALVFVKSG,,,1001,1001
901165,SALGRLASKVVPAVIGKVTT,,,1001,1001
901166,TLVGVVAKLVATKIGSSPRA,,,1001,1001
901167,LGVVGSLASKVVPAVISKVK,,,1001,1001
901168,PKVVGLSIVVVKAKVSSALG,,,1001,1001
901169,VVGRVASKVVPSLIGLFTTK,,,1001,1001
901170,SVVFGVASKVVPSVIGKVKT,,,1001,1001
901171,VFSVKGGKPSVVIKVVVAST,,,1001,1001
901172,FLPFVGRIASKVVPSVIGKV,,,1001,1001
901173,SKFPLAGIFSVPGVKRVVVI,,,1001,1001
901174,VIAFAKTKEAKAKLKGQAKG,,,1001,1001
901175,FVGSLASKVVPSVFGAIKTK,,,1001,1001
901176,KTVPVVLKASIKVSSAGFGF,,,1001,1001
901177,LPVVFKIASKVVPSVISKIT,,,1001,1001
901178,GAVFGVASKVVPSVFSAIKK,,,1001,1001
901179,SVKVAKSVIPSAVFAGGKVF,,,1001,1001
901180,GALFSLASKVVPAVIGLIKK,,,1001,1001
901181,LPVLFSSAIAKVGIKLGAKV,,,1001,1001
901182,EMLKKKKEVKMERKT,,,1001,1001
901183,KAAKAAKKAAKAAWK,,,1001,1001
901184,HPLKQYWWRPSI,,,1001,1001
901185,WLSKTAKKL,,,1001,1001
901186,FLPLVTGLLSGLL,,,1001,1001
901187,AAKAAAKAAAKAA,,,1001,1001
901188,LLKLLLKLLLKLL,,,1001,1001
901189,RFRRLRDKTRDRLKKI,,,1001,1001
901190,KIGAIKKWGAIKKIGAIK,,,1001,1001
901191,TRSSRAGLQFPVGRVHR,,,1001,1001
901192,LGALFKVASKVLP,,,1001,1001
901193,GALFKVASKVLPS,,,1001,1001
901194,ALFKVASKVLPSV,,,1001,1001
901195,LFKVASKVLPSVK,,,1001,1001
901196,FLPVILPVIGKLLSGIL,,,1001,1001
901197,FFSLIPSLVGGLISAFK,,,1001,1001
901198,FLGALFKVASKV,,,1001,1001
901199,GLPASISWIKRKRQQ,,,1001,1001
901200,GGEAVQKLVREVKDG,,,1001,1001
901201,GVARIRDLLIIESRI,,,1001,1001
901202,RIRDAIAHGYIVDKV,,,1001,1001
901203,GSPALISWIKRKRQQ,,,1001,1001
901204,FLGALFKVASK,,,1001,1001
901205,FLGAWFKVASK,,,1001,1001
901206,FLGALFWVASK,,,1001,1001
901207,FLGALFKVWSK,,,1001,1001
901208,FLGALFKVASW,,,1001,1001
901209,FLGALFKKASK,,,1001,1001
901210,GLPALISSIKRKRQQ,,,1001,1001
901211,GLGSVLGKALKIGANLL,,,1001,1001
901212,SMLSVLKNLGKVGLGFVA,,,1001,1001
901213,FLGALFKVA,,,1001,1001
901214,FLFSLIPSVIAGLVSAIRN,,,1001,1001
901215,FLFSLIPSAIAGLVSAIRN,,,1001,1001
901216,GLFDKLKSLVSDF,,,1001,1001
901217,YQWQRRMRKL,,,1001,1001
901218,FQWQRNMRKV,,,1001,1001
901219,LRWQNEMRKV,,,1001,1001
901220,RQWQSKIRRT,,,1001,1001
901221,SRSELIVRQRLF,,,1001,1001
901222,SRSDLIVHQRLF,,,1001,1001
901223,SRSQLIVHQRLF,,,1001,1001
901224,SRSALIVHQRLF,,,1001,1001
901225,SRSEKIVHQRLF,,,1001,1001
901226,SRSEIVHQRLF,,,1001,1001
901227,SRSEKIVHQLF,,,1001,1001
901228,RSLIVHQRLF,,,1001,1001
901229,SRSEIVQRLF,,,1001,1001
901230,ILGAIIPLVSGLLSHL,,,1001,1001
901231,HKTDSFVGLM,,,1001,1001
901232,IIRKIIRK,,,1001,1001
901233,GKKLLKKLKKLLKKW,,,1001,1001
901234,FQWQRNPRKVR,,,1001,1001
901235,FRW,,,1001,1001
901236,FWR,,,1001,1001
901237,WRW,,,1001,1001
901238,WRWR,,,1001,1001
901239,RWRW,,,1001,1001
901240,WRWRW,,,1001,1001
901241,FRF,,,1001,1001
901242,FRFR,,,1001,1001
901243,RFRF,,,1001,1001
901244,FRFRF,,,1001,1001
901245,RRFRF,,,1001,1001
901246,WKW,,,1001,1001
901247,WKWK,,,1001,1001
901248,KWKW,,,1001,1001
901249,WKWKW,,,1001,1001
901250,FKF,,,1001,1001
901251,FKFK,,,1001,1001
901252,KFKF,,,1001,1001
901253,FKFKF,,,1001,1001
901254,WRRQRW,,,1001,1001
901255,FRRQRF,,,1001,1001
901256,RPRPRPL,,,1001,1001
901257,RPWPPR,,,1001,1001
901258,WKPLPPR,,,1001,1001
901259,FKPLPPH,,,1001,1001
901260,RPPWRPPW,,,1001,1001
901261,RPRRPRLPW,,,1001,1001